日付,曜日,シフト,担当者
1,平日,日勤,"佐藤 美咲, 鈴木 愛, 渡辺 京子, 伊藤 陽子, 山本 恵美, 小林 真由美"
1,平日,夜勤,加藤 美穂
2,平日,日勤,"佐藤 美咲, 鈴木 愛, 高橋 優子, 伊藤 陽子, 山本 恵美"
2,平日,夜勤明,加藤 美穂
3,平日,日勤,"鈴木 愛, 渡辺 京子, 伊藤 陽子, 中村 直美"
4,平日,日勤,"佐藤 美咲, 渡辺 京子, 山本 恵美, 中村 直美, 小林 真由美, 加藤 美穂"
4,平日,夜勤,鈴木 愛
5,平日,日勤,"佐藤 美咲, 高橋 優子, 山本 恵美, 中村 直美, 小林 真由美, 加藤 美穂"
5,平日,夜勤,田中 真理
5,平日,夜勤明,鈴木 愛
6,休日,日勤,"高橋 優子, 中村 直美"
6,休日,夜勤,小林 真由美
6,休日,夜勤明,田中 真理
7,休日,日勤,"高橋 優子, 伊藤 陽子"
7,休日,夜勤,渡辺 京子
7,休日,夜勤明,小林 真由美
8,平日,日勤,"佐藤 美咲, 高橋 優子, 田中 真理, 山本 恵美, 中村 直美, 加藤 美穂"
8,平日,夜勤,鈴木 愛
8,平日,夜勤明,渡辺 京子
9,平日,日勤,"佐藤 美咲, 高橋 優子, 田中 真理, 渡辺 京子, 伊藤 陽子, 小林 真由美"
9,平日,夜勤,山本 恵美
9,平日,夜勤明,鈴木 愛
10,平日,日勤,"佐藤 美咲, 鈴木 愛, 渡辺 京子, 伊藤 陽子, 中村 直美, 加藤 美穂"
10,平日,夜勤明,山本 恵美
11,平日,日勤,"佐藤 美咲, 高橋 優子, 田中 真理, 山本 恵美, 中村 直美, 小林 真由美"
12,平日,日勤,"佐藤 美咲, 渡辺 京子, 伊藤 陽子, 中村 直美, 小林 真由美, 加藤 美穂"
12,平日,夜勤,山本 恵美
13,休日,日勤,"鈴木 愛, 伊藤 陽子"
13,休日,夜勤,高橋 優子
13,休日,夜勤明,山本 恵美
14,休日,日勤,"佐藤 美咲, 田中 真理"
14,休日,夜勤,中村 直美
14,休日,夜勤明,高橋 優子
15,平日,日勤,"佐藤 美咲, 鈴木 愛, 田中 真理, 渡辺 京子, 伊藤 陽子, 加藤 美穂"
15,平日,夜勤,山本 恵美
15,平日,夜勤明,中村 直美
16,平日,日勤,"佐藤 美咲, 鈴木 愛, 田中 真理, 渡辺 京子, 中村 直美, 加藤 美穂"
16,平日,夜勤,伊藤 陽子
16,平日,夜勤明,山本 恵美
17,平日,日勤,"佐藤 美咲, 鈴木 愛, 田中 真理, 渡辺 京子, 中村 直美, 加藤 美穂"
17,平日,夜勤,山本 恵美
17,平日,夜勤明,伊藤 陽子
18,平日,日勤,"佐藤 美咲, 鈴木 愛, 田中 真理, 渡辺 京子, 中村 直美, 小林 真由美"
18,平日,夜勤,高橋 優子
18,平日,夜勤明,山本 恵美
19,平日,日勤,"佐藤 美咲, 田中 真理, 渡辺 京子, 伊藤 陽子, 山本 恵美, 小林 真由美"
19,平日,夜勤,中村 直美
19,平日,夜勤明,高橋 優子
20,休日,日勤,"渡辺 京子, 加藤 美穂"
20,休日,夜勤,山本 恵美
20,休日,夜勤明,中村 直美
21,休日,日勤,"高橋 優子, 伊藤 陽子"
21,休日,夜勤,鈴木 愛
21,休日,夜勤明,山本 恵美
22,平日,日勤,"佐藤 美咲, 高橋 優子, 田中 真理, 渡辺 京子, 山本 恵美, 加藤 美穂"
22,平日,夜勤,佐藤 美咲
22,平日,夜勤明,鈴木 愛
23,平日,日勤,"佐藤 美咲, 鈴木 愛, 高橋 優子, 伊藤 陽子, 中村 直美, 小林 真由美"
23,平日,夜勤,加藤 美穂
23,平日,夜勤明,佐藤 美咲
24,平日,日勤,"佐藤 美咲, 鈴木 愛, 高橋 優子, 伊藤 陽子, 中村 直美, 小林 真由美"
24,平日,夜勤明,加藤 美穂
25,平日,日勤,"佐藤 美咲, 鈴木 愛, 高橋 優子, 渡辺 京子, 中村 直美, 小林 真由美"
26,平日,日勤,"高橋 優子, 渡辺 京子, 伊藤 陽子, 中村 直美, 小林 真由美, 加藤 美穂"
26,平日,夜勤,田中 真理
27,休日,日勤,"高橋 優子, 山本 恵美"
27,休日,夜勤明,田中 真理
28,休日,日勤,伊藤 陽子
28,休日,夜勤,高橋 優子
29,平日,日勤,"鈴木 愛, 田中 真理, 伊藤 陽子, 中村 直美, 小林 真由美, 加藤 美穂"
29,平日,夜勤,渡辺 京子
29,平日,夜勤明,高橋 優子
30,平日,日勤,"佐藤 美咲, 鈴木 愛, 伊藤 陽子, 山本 恵美, 小林 真由美, 加藤 美穂"
30,平日,夜勤,田中 真理
30,平日,夜勤明,渡辺 京子
31,平日,日勤,"高橋 優子, 渡辺 京子, 伊藤 陽子, 山本 恵美, 小林 真由美, 加藤 美穂"
31,平日,夜勤,鈴木 愛
31,平日,夜勤明,田中 真理
